Country Name,Country Code,Indicator Name,Indicator Code,1975,1976,1977,1978,1979,1980,1981,1982,1983,1984,1985,1986,1987,1988,1989,1990,1991,1992,1993,1994,1995,1996,1997,1998,1999,2000,2001,2002,2003,2004,2005,2006,2007,2008,2009,2010,2011,2012,2013,2014,2015,2016,2017,2018,2019,2020
Aruba,ABW,"Literacy rate, adult female (% of females ages 15 and above)",SE.ADT.LITR.FE.ZS,,,,,,,,,,,,,,,,,,,,,,,,,,97.07135773,,,,,,,,,,96.71977997,,,,,,,,97.81268311,,
Africa Eastern and Southern,AFE,"Literacy rate, adult female (% of females ages 15 and above)",SE.ADT.LITR.FE.ZS,,,,,,,,,,,,,,,,,,,,,,,,,,,,,,,,,,,,,,,,,,,,,,
Afghanistan,AFG,"Literacy rate, adult female (% of females ages 15 and above)",SE.ADT.LITR.FE.ZS,,,,,4.987460136,,,,,,,,,,,,,,,,,,,,,,,,,,,,,,,,17.01783943,,,,,,,,,
Africa Western and Central,AFW,"Literacy rate, adult female (% of females ages 15 and above)",SE.ADT.LITR.FE.ZS,,,,,,,,,,,,,,,,,,,,,,,,,,,,,,,,,,,,,,,,,,,,,,
Angola,AGO,"Literacy rate, adult female (% of females ages 15 and above)",SE.ADT.LITR.FE.ZS,,,,,,,,,,,,,,,,,,,,,,,,,,,54.19448853,,,,,,,,,,,,,53.4072113,,,,,,
Albania,ALB,"Literacy rate, adult female (% of females ages 15 and above)",SE.ADT.LITR.FE.ZS,,,,,,,,,,,,,,,,,,,,,,,,,,,98.25227356,,,,,,,94.68180847,,,95.69148254,96.13607025,,,,,,97.76112366,,
Andorra,AND,"Literacy rate, adult female (% of females ages 15 and above)",SE.ADT.LITR.FE.ZS,,,,,,,,,,,,,,,,,,,,,,,,,,,,,,,,,,,,,,,,,,,,,,
Arab World,ARB,"Literacy rate, adult female (% of females ages 15 and above)",SE.ADT.LITR.FE.ZS,,,30.32222939,30.78926086,31.33377075,31.94252014,32.59526062,33.40364075,33.85634995,34.84444046,35.72111893,36.68003845,37.53049088,38.59246063,39.62969971,40.73368073,41.93894958,43.12672043,43.41931152,44.56912994,45.68162918,47.51374817,48.4502182,49.87384033,51.21184921,52.73535919,53.82067108,55.24858856,57.60602951,58.9168396,58.81216812,58.69216919,59.10821915,60.44631958,58.96981812,60.23765182,62.43844986,66.09427643,65.23873138,67.73674774,65.56703949,67.35148621,68.65435791,65.53031921,65.85761261,66.19689941
United Arab Emirates,ARE,"Literacy rate, adult female (% of females ages 15 and above)",SE.ADT.LITR.FE.ZS,38.1248703,,,,,,,,,,68.66127777,,,,,,,,,,,,,,,,,,,,91.4747467,,,,,,,,,,,,,,96.86031342,
Argentina,ARG,"Literacy rate, adult female (% of females ages 15 and above)",SE.ADT.LITR.FE.ZS,,,,,,93.58088684,,,,,,,,,,,95.91699982,,,,,,,,,,97.19341278,,,,,98.51077271,,,99.00176239,98.92807007,98.99983978,99.0999527,99.09120941,98.93282318,99.20877075,99.14309692,,99.06204224,,
Armenia,ARM,"Literacy rate, adult female (% of females ages 15 and above)",SE.ADT.LITR.FE.ZS,,,,,,,,,,,,,,,98.15013885,,,,,,,,,,,,99.16107178,,,,,,,,,,99.69035339,,,,,,99.67716217,,,99.74450684
American Samoa,ASM,"Literacy rate, adult female (% of females ages 15 and above)",SE.ADT.LITR.FE.ZS,,,,,,97.21990967,,,,,,,,,,,,,,,,,,,,,,,,,,,,,,,,,,,,,,,,
Antigua and Barbuda,ATG,"Literacy rate, adult female (% of females ages 15 and above)",SE.ADT.LITR.FE.ZS,,,,,,,,,,,,,,,,,,,,,,,,,,,99.41999817,,,,,,,,,,99.41999817,,,,99.41999817,,,,,
Australia,AUS,"Literacy rate, adult female (% of females ages 15 and above)",SE.ADT.LITR.FE.ZS,,,,,,,,,,,,,,,,,,,,,,,,,,,,,,,,,,,,,,,,,,,,,,
Austria,AUT,"Literacy rate, adult female (% of females ages 15 and above)",SE.ADT.LITR.FE.ZS,,,,,,,,,,,,,,,,,,,,,,,,,,,,,,,,,,,,,,,,,,,,,,
Azerbaijan,AZE,"Literacy rate, adult female (% of females ages 15 and above)",SE.ADT.LITR.FE.ZS,,,,,,,,,,,,,,,,,,,,,,,,,98.1747818,,,,,,,,99.38394165,,99.68215179,99.69262695,99.70496368,99.70285797,99.71681976,99.7196579,99.7171402,99.71955109,99.72199249,,99.72675323,
Burundi,BDI,"Literacy rate, adult female (% of females ages 15 and above)",SE.ADT.LITR.FE.ZS,,,,,11.9835701,,,,,,,,,,,27.52930069,,,,,,,,,,52.23775864,,,,,,,,43.15718842,,,,,,54.64165878,,,61.22369003,,,
Belgium,BEL,"Literacy rate, adult female (% of females ages 15 and above)",SE.ADT.LITR.FE.ZS,,,,,,,,,,,,,,,,,,,,,,,,,,,,,,,,,,,,,,,,,,,,,,
Benin,BEN,"Literacy rate, adult female (% of females ages 15 and above)",SE.ADT.LITR.FE.ZS,,,,,9.538960457,,,,,,,,,,,,,16.5651207,,,,,,,,,,23.30014038,,,,18.44290924,,,,,,22.0938797,,,,,,31.07164955,,
Burkina Faso,BFA,"Literacy rate, adult female (% of females ages 15 and above)",SE.ADT.LITR.FE.ZS,3.390589952,,,,,,,,,,,,,,,,8.225429535,,,,,8.057979584,,,,,,,15.18877029,,16.62224007,16.29113007,21.02721977,,,,,,,26.22024918,,,,31.04408073,,
Bangladesh,BGD,"Literacy rate, adult female (% of females ages 15 and above)",SE.ADT.LITR.FE.ZS,,,,,,,17.9716301,,,,,,,,,,25.83897972,,,,,,,,,,40.823349,,,,,,43.74084854,,,,55.11943817,54.23603821,57.78900146,57.8609314,62.25299072,69.89720917,70.08570099,71.18193817,71.94838715,72.00478363
Bulgaria,BGR,"Literacy rate, adult female (% of females ages 15 and above)",SE.ADT.LITR.FE.ZS,,,,,,,,,,,,,,,,,,,,,,,,,,,97.70648956,,,,,,,,,,97.98390198,,,,,,,,,
Bahrain,BHR,"Literacy rate, adult female (% of females ages 15 and above)",SE.ADT.LITR.FE.ZS,,,,,,,58.59109116,,,,,,,,,,76.93231964,,,,,,,,,,83.55741882,,,,,,,,,89.01043701,,,,,,,,,,
"Bahamas, The",BHS,"Literacy rate, adult female (% of females ages 15 and above)",SE.ADT.LITR.FE.ZS,,,,,,,,,,,,,,,,,,,,,,,,,,,,,,,,,,,,,,,,,,,,,,
Bosnia and Herzegovina,BIH,"Literacy rate, adult female (% of females ages 15 and above)",SE.ADT.LITR.FE.ZS,,,,,,,,,,,,,,,,,81.9593277,,,,,,,,,94.35993958,,,,,,,,,,,96.80371094,,94.91049194,,,,,,,
Belarus,BLR,"Literacy rate, adult female (% of females ages 15 and above)",SE.ADT.LITR.FE.ZS,,,,,,,,,,,,,,,96.6282196,,,,,,,,,,99.41972351,,,,,,,,,,99.49398804,,,,,,,,,,99.87651062,
Belize,BLZ,"Literacy rate, adult female (% of females ages 15 and above)",SE.ADT.LITR.FE.ZS,,,,,,,,,,,,,,,,,70.32839203,,,,,,,,,77.12272644,,,,,,,,,,,,,,,,,,,,
Bermuda,BMU,"Literacy rate, adult female (% of females ages 15 and above)",SE.ADT.LITR.FE.ZS,,,,,,,,,,,,,,,,,,,,,,,,,,,,,,,,,,,,,,,,,,,,,,
Bolivia,BOL,"Literacy rate, adult female (% of females ages 15 and above)",SE.ADT.LITR.FE.ZS,,51.37464905,,,,,,,,,,,,,,,,72.31321716,,,,,,,,,80.6543808,,,,,,85.98593903,86.83174896,86.82145691,,88.0802002,91.87326813,,,88.58286285,,,,,
Brazil,BRA,"Literacy rate, adult female (% of females ages 15 and above)",SE.ADT.LITR.FE.ZS,,,,,,72.85314941,,,,,,,,,,,,,,,,,,,,86.50005341,,,,88.80612946,,89.85559082,90.22801208,90.21955109,90.41121674,90.68170166,91.63314819,91.62490082,91.76496124,92.06051636,92.34378815,93.02120209,93.24371338,93.42507172,,
Barbados,BRB,"Literacy rate, adult female (% of females ages 15 and above)",SE.ADT.LITR.FE.ZS,,,,,,,,,,99.59999847,,,,,,,,,,99.59999847,,,,,,,,,,99.59999847,,,,,,,,,,99.59999847,,,,,,
Brunei Darussalam,BRN,"Literacy rate, adult female (% of females ages 15 and above)",SE.ADT.LITR.FE.ZS,,,,,,,68.84182739,,,,,,,,,,82.46135712,,,,,,,,,,90.16155243,,,,,,,,,,94.65248108,,,,,,,96.3012619,,
Bhutan,BTN,"Literacy rate, adult female (% of females ages 15 and above)",SE.ADT.LITR.FE.ZS,,,,,,,,,,,,,,,,,,,,,,,,,,,,,,,38.68066025,,,,,,,45.20450974,,,,,57.08361816,,,
Botswana,BWA,"Literacy rate, adult female (% of females ages 15 and above)",SE.ADT.LITR.FE.ZS,,,,,,,,,,,,,,,,,71.29924011,,,,,,,,,,,,81.80795288,,,,,,,,,,87.45121002,,,,,,,
Central African Republic,CAF,"Literacy rate, adult female (% of females ages 15 and above)",SE.ADT.LITR.FE.ZS,8.399580002,,,,,,,,,,,,,20.33687973,,,,,,,,,,,,35.29090118,,,,,,,,,,24.35548973,,,,,,,,25.75638008,,
Canada,CAN,"Literacy rate, adult female (% of females ages 15 and above)",SE.ADT.LITR.FE.ZS,,,,,,,,,,,,,,,,,,,,,,,,,,,,,,,,,,,,,,,,,,,,,,
Central Europe and the Baltics,CEB,"Literacy rate, adult female (% of females ages 15 and above)",SE.ADT.LITR.FE.ZS,,,,,,,97.0485611,97.07808685,97.10582733,97.15141296,97.19090271,97.22531891,97.27500916,97.15119171,97.23713684,97.32790375,97.40701294,97.48420715,97.54998779,97.62304688,97.69566345,97.76027679,97.82647705,97.96173859,97.89974213,97.9484024,97.99530792,98.049263,98.08081818,98.12267303,98.16442871,98.18444061,98.21891022,98.27497101,98.54786682,98.57723236,98.60456848,98.62471008,98.64154053,98.66187286,98.68084717,98.70231628,,,,
Switzerland,CHE,"Literacy rate, adult female (% of females ages 15 and above)",SE.ADT.LITR.FE.ZS,,,,,,,,,,,,,,,,,,,,,,,,,,,,,,,,,,,,,,,,,,,,,,
Channel Islands,CHI,"Literacy rate, adult female (% of females ages 15 and above)",SE.ADT.LITR.FE.ZS,,,,,,,,,,,,,,,,,,,,,,,,,,,,,,,,,,,,,,,,,,,,,,
Chile,CHL,"Literacy rate, adult female (% of females ages 15 and above)",SE.ADT.LITR.FE.ZS,,,,,,,,90.80011749,,,,,,,,,,94.03671265,,,,,,,,,,95.64093018,,,,,,97.7420578,97.40083313,,96.53070831,,96.16175079,,96.74395752,,96.33402252,,,
China,CHN,"Literacy rate, adult female (% of females ages 15 and above)",SE.ADT.LITR.FE.ZS,,,,,,,,51.1368103,,,,,,,,68.07208252,,,,,,,,,,86.5266037,,,,,,,,,,92.71122742,,,,,,,,95.15933228,,
Cote d'Ivoire,CIV,"Literacy rate, adult female (% of females ages 15 and above)",SE.ADT.LITR.FE.ZS,,,,,,,,,,,,,,23.43378067,,,,,,,,,,28.47666931,,38.61450958,,,,,,,,,,,,30.46171951,,36.78424835,,,,,86.74124908,
Cameroon,CMR,"Literacy rate, adult female (% of females ages 15 and above)",SE.ADT.LITR.FE.ZS,,29.11613083,,,,,,,,,,,,,,,,,,,,,,,,58.7217598,,,,,,,63.02206039,,,64.79949951,,,,,,,,71.58627319,,
"Congo, Dem. Rep.",COD,"Literacy rate, adult female (% of females ages 15 and above)",SE.ADT.LITR.FE.ZS,,,,,,,,,,,,,,,,,,,,,,,,,,,54.06090164,,,,,,46.10425186,,,,,62.91864014,,,,66.49997711,,,,
"Congo, Rep.",COG,"Literacy rate, adult female (% of females ages 15 and above)",SE.ADT.LITR.FE.ZS,,,,,,,,,,49.00133896,,,,,,,,,,,,,,,,,,,,,67.4807663,,,,,,72.87705994,,,,,,,74.61875916,,
Colombia,COL,"Literacy rate, adult female (% of females ages 15 and above)",SE.ADT.LITR.FE.ZS,,,,,,,,,,,,,,,,,,,91.14790344,,,91.31400299,,,,,,,,92.71463013,92.91124725,92.22059631,92.8456192,93.4353714,93.41513062,93.48679352,93.66712952,,,94.48465729,94.41581726,94.89022064,,95.31891632,95.46903229,95.87506104
Comoros,COM,"Literacy rate, adult female (% of females ages 15 and above)",SE.ADT.LITR.FE.ZS,,,,,,40.31761932,,,,,,,,,,,,,,,,,,,,63.45901871,,,,,,,,,,,,42.63729095,,,,,,52.95639038,,
Cabo Verde,CPV,"Literacy rate, adult female (% of females ages 15 and above)",SE.ADT.LITR.FE.ZS,,,,,,,,,,,,,,,,52.99861908,,,,,,,,,,69.44455719,,,,,,,,,,,,80.49622345,,,82.04222107,,,,,
Costa Rica,CRI,"Literacy rate, adult female (% of females ages 15 and above)",SE.ADT.LITR.FE.ZS,,,,,,,,,,92.57713318,,,,,,,,,,,,,,,,95.08078766,,,,,,,,,,,97.50041199,,,,,,,97.92443085,,
Caribbean small states,CSS,"Literacy rate, adult female (% of females ages 15 and above)",SE.ADT.LITR.FE.ZS,,,,,,,,,,,,,,,,,,,88.47250366,88.52490234,88.79290009,89.03582001,89.27842712,89.63450623,89.42997742,90.1399765,90.41840363,90.68518829,90.94239044,91.19782257,91.46085358,91.63208771,92.30979156,92.55767059,92.76846313,92.99176788,93.14990997,93.03948975,92.81674957,92.95472717,93.06014252,,,,,
Cuba,CUB,"Literacy rate, adult female (% of females ages 15 and above)",SE.ADT.LITR.FE.ZS,,,,,,,,,,,,,,,,,,,,,,,,,,,,99.79091644,,,,,,,,,,99.79988098,,,,,,,,
Curacao,CUW,"Literacy rate, adult female (% of females ages 15 and above)",SE.ADT.LITR.FE.ZS,,,,,,,,,,,,,,,,,,,,,,,,,,,,,,,,,,,,,,,,,,,,,,
Cayman Islands,CYM,"Literacy rate, adult female (% of females ages 15 and above)",SE.ADT.LITR.FE.ZS,,,,,,,,,,,,,,,,,,,,,,,,,,,,,,,,,99.02147675,,,,,,,,,,,,,
Cyprus,CYP,"Literacy rate, adult female (% of females ages 15 and above)",SE.ADT.LITR.FE.ZS,,,,,,,,,,,,,,,,,,91.00177765,,,,,,,,,95.07965851,,,,,,,,,,98.1162262,,,,,,,,,
Czech Republic,CZE,"Literacy rate, adult female (% of females ages 15 and above)",SE.ADT.LITR.FE.ZS,,,,,,,,,,,,,,,,,,,,,,,,,,,,,,,,,,,,,,,,,,,,,,
Germany,DEU,"Literacy rate, adult female (% of females ages 15 and above)",SE.ADT.LITR.FE.ZS,,,,,,,,,,,,,,,,,,,,,,,,,,,,,,,,,,,,,,,,,,,,,,
Djibouti,DJI,"Literacy rate, adult female (% of females ages 15 and above)",SE.ADT.LITR.FE.ZS,,,,,,,,,,,,,,,,,,,,,,,,,,,,,,,,,,,,,,,,,,,,,,
Dominica,DMA,"Literacy rate, adult female (% of females ages 15 and above)",SE.ADT.LITR.FE.ZS,,,,,,,,,,,,,,,,,,,,,,,,,,,,,,,,,,,,,,,,,,,,,,
Denmark,DNK,"Literacy rate, adult female (% of females ages 15 and above)",SE.ADT.LITR.FE.ZS,,,,,,,,,,,,,,,,,,,,,,,,,,,,,,,,,,,,,,,,,,,,,,
Dominican Republic,DOM,"Literacy rate, adult female (% of females ages 15 and above)",SE.ADT.LITR.FE.ZS,,,,,,,72.53607941,,,,,,,,,,,,,,,,,,,,,87.17709351,,,,,88.27716827,,,89.69730377,90.22557068,90.22416687,91.25051117,92.147789,92.32106018,93.76412964,,,,
Algeria,DZA,"Literacy rate, adult female (% of females ages 15 and above)",SE.ADT.LITR.FE.ZS,,,,,,,,,,,,,35.83992004,,,,,,,,,,,,,,,60.07508087,,,,63.91878891,,67.54875183,,,,,,,,,,75.32296753,,
East Asia & Pacific (excluding high income),EAP,"Literacy rate, adult female (% of females ages 15 and above)",SE.ADT.LITR.FE.ZS,,50.16983032,50.39974976,51.83253098,53.28924179,54.11500168,56.25091171,57.40309143,59.12884903,60.5319519,61.87308121,63.01216888,64.51854706,70.38581085,71.38184357,71.49830627,73.07917023,73.87197113,74.64034271,75.45854187,76.27037811,76.98710632,85.07830811,85.60803223,86.08046722,86.46486664,87.12976837,87.67263031,88.23439026,88.69573975,89.19326782,89.77970886,91.33383179,91.68749237,92.18656921,92.35001373,92.22599792,92.52805328,92.66499329,93.26824188,93.51087189,93.71547699,93.97885895,94.2144165,94.42616272,94.63996124
Early-demographic dividend,EAR,"Literacy rate, adult female (% of females ages 15 and above)",SE.ADT.LITR.FE.ZS,37.22608185,37.56927109,38.2795105,39.02756882,39.72898865,39.85223007,40.94984055,42.00302124,42.79938889,43.83140182,44.63164902,45.43822098,46.41999054,46.80316162,47.6139183,48.67900848,49.35194016,50.36503983,51.15335846,52.12879944,53.11909103,54.0381813,54.85033035,57.73706055,58.54561996,59.41080856,60.06455994,60.74306107,61.78868866,62.74015045,62.28862,63.28134155,63.9684906,65.16546631,66.32051086,68.29020691,68.56239319,69.18800354,69.82518768,70.95275879,71.7824707,72.57502747,73.20001984,73.60748291,74.22817993,74.82480621
East Asia & Pacific,EAS,"Literacy rate, adult female (% of females ages 15 and above)",SE.ADT.LITR.FE.ZS,,53.40584946,53.65800095,54.94926071,56.25688171,56.97520828,58.95901108,59.93360901,61.46649933,62.72092819,63.9250412,64.93743134,66.34764099,71.57933044,72.501091,72.62210846,74.06493378,74.80120087,75.51358032,76.29125214,77.06285858,77.73399353,84.95919037,85.4697876,85.95677948,86.32552338,86.96616364,87.50512695,88.07752228,88.53344727,89.04216766,89.6211319,91.0463028,91.43772125,91.93167877,92.02303314,91.84757996,92.16629791,92.30757141,92.9963913,93.24960327,93.46089172,93.72992706,93.96881866,94.17939758,94.39044952
Europe & Central Asia (excluding high income),ECA,"Literacy rate, adult female (% of females ages 15 and above)",SE.ADT.LITR.FE.ZS,,,,,,,,,91.27232361,92.20607758,92.43121338,92.57449341,92.77129364,92.98629761,93.07559967,93.27411652,93.40657043,93.58348846,93.76451111,93.94297791,94.12557983,94.40776825,94.58338165,95.12680817,95.26725006,95.27207184,95.38018036,95.50672913,95.61810303,95.84664917,96.10993958,96.05715179,96.21069336,96.25920105,97.09454346,97.54518127,97.9285202,98.13410187,98.21027374,98.25536346,98.29776001,98.48361206,98.44123077,98.51257324,98.56629181,98.61837769
Europe & Central Asia,ECS,"Literacy rate, adult female (% of females ages 15 and above)",SE.ADT.LITR.FE.ZS,,,,,,,,,,,,,,,,,,,,94.10575867,94.30317688,94.53798676,94.71788788,94.9733429,95.1398468,95.1772995,95.31178284,95.50958252,95.63961029,95.80754852,95.8200531,95.99308777,96.04844666,96.25769043,96.57801819,96.81935883,97.25974274,97.40973663,97.50552368,97.57137299,97.63620758,97.76799011,97.78513336,97.88170624,97.94228363,98.01039886
Ecuador,ECU,"Literacy rate, adult female (% of females ages 15 and above)",SE.ADT.LITR.FE.ZS,,,,,,,,80.40522766,,,,,,,,86.19332886,,,,,,,,,,,89.69709015,,,,,,90.86557007,91.12256622,90.91754913,90.47010803,90.22081757,90.95168304,92.21807861,93.25386047,93.25662231,93.31452942,92.08669281,,,92.490242
"Egypt, Arab Rep.",EGY,"Literacy rate, adult female (% of females ages 15 and above)",SE.ADT.LITR.FE.ZS,,22.43800926,,,,,,,,,,31.39266968,,,,,,,,,,43.59531021,,,,,,,,,56.12155151,57.81190872,,,,63.51580811,,65.75666046,62.70521927,,,,65.50569153,,,
Euro area,EMU,"Literacy rate, adult female (% of females ages 15 and above)",SE.ADT.LITR.FE.ZS,,,,,,,,,,,,,,,,,,,,,,,,,,,,,,,,,,,,,,,,,,,,,,
Eritrea,ERI,"Literacy rate, adult female (% of females ages 15 and above)",SE.ADT.LITR.FE.ZS,,,,,,,,,,,,,,,,,,,,,,,,,,,,40.22441864,,,,,,54.80107117,,,,,,,,,,68.94618988,,
Spain,ESP,"Literacy rate, adult female (% of females ages 15 and above)",SE.ADT.LITR.FE.ZS,,,,,,,89.93692017,,,,,,,,,,95.0510025,,,,,,,,,,,,,96.23088074,96.92514801,96.97483063,97.26032257,96.88684082,96.92597198,97.00450134,97.06556702,97.21804047,97.4405365,97.48735046,97.54712677,97.69535828,,97.97377777,,98.18704224
Estonia,EST,"Literacy rate, adult female (% of females ages 15 and above)",SE.ADT.LITR.FE.ZS,,,,,,,,,,,,,,,99.60147858,,,,,,,,,,,99.76006317,,,,,,,,,,,99.90947723,,,,,,,,,
Ethiopia,ETH,"Literacy rate, adult female (% of females ages 15 and above)",SE.ADT.LITR.FE.ZS,,,,,,,,,,,,,,,,,,,,18.51498032,,,,,,,,,,22.79999924,17.97719955,,28.9216404,,,,,,,,,,44.42338181,,,
European Union,EUU,"Literacy rate, adult female (% of females ages 15 and above)",SE.ADT.LITR.FE.ZS,,,,,,,,,,,,,,,,,,,,,,,,,,,,,,,,,,,,,,,,,,,,,,
Fragile and conflict affected situations,FCS,"Literacy rate, adult female (% of females ages 15 and above)",SE.ADT.LITR.FE.ZS,,,,,,,,,41.745121,42.28477859,42.77310944,43.22853851,44.02460098,44.82146835,45.36460876,46.05611038,47.30018997,47.43922043,47.98472977,49.07818985,50.10834885,50.91759872,51.92609024,52.88327026,53.7784996,51.24386978,52.10417175,52.59307861,53.09309006,53.89101028,54.30545044,56.99349976,51.84817886,52.19348907,51.45941925,52.01874924,51.82987976,53.77370071,54.18753052,55.37128067,54.29959106,56.62915039,57.4636116,56.11500931,56.43400955,56.75857925
Finland,FIN,"Literacy rate, adult female (% of females ages 15 and above)",SE.ADT.LITR.FE.ZS,,,,,,,,,,,,,,,,,,,,,,,,,,,,,,,,,,,,,,,,,,,,,,
Fiji,FJI,"Literacy rate, adult female (% of females ages 15 and above)",SE.ADT.LITR.FE.ZS,,,,,,,,,,,,,,,,,,,,,,,,,,,,,,,,,,,,,,,,,,,,,,
France,FRA,"Literacy rate, adult female (% of females ages 15 and above)",SE.ADT.LITR.FE.ZS,,,,,,,,,,,,,,,,,,,,,,,,,,,,,,,,,,,,,,,,,,,,,,
Faroe Islands,FRO,"Literacy rate, adult female (% of females ages 15 and above)",SE.ADT.LITR.FE.ZS,,,,,,,,,,,,,,,,,,,,,,,,,,,,,,,,,,,,,,,,,,,,,,
"Micronesia, Fed. Sts.",FSM,"Literacy rate, adult female (% of females ages 15 and above)",SE.ADT.LITR.FE.ZS,,,,,,,,,,,,,,,,,,,,,,,,,,,,,,,,,,,,,,,,,,,,,,
Gabon,GAB,"Literacy rate, adult female (% of females ages 15 and above)",SE.ADT.LITR.FE.ZS,,,,,,,,,,,,,,,,,,,65.3263092,,,,,,,,,,,,,,,,,,,79.87896729,,,,,,83.42397308,,
United Kingdom,GBR,"Literacy rate, adult female (% of females ages 15 and above)",SE.ADT.LITR.FE.ZS,,,,,,,,,,,,,,,,,,,,,,,,,,,,,,,,,,,,,,,,,,,,,,
Georgia,GEO,"Literacy rate, adult female (% of females ages 15 and above)",SE.ADT.LITR.FE.ZS,,,,,,,,,,,,,,,,,,,,,,,,,,,,99.55284882,,,,,,,,,,,,99.51457977,,,99.2947464,,99.45179749,
Ghana,GHA,"Literacy rate, adult female (% of females ages 15 and above)",SE.ADT.LITR.FE.ZS,,,,,,,,,,,,,,,,,,,,,,,,,,49.79196167,,,,,,,,,,65.29469299,,,,,,,,74.47438812,,
Gibraltar,GIB,"Literacy rate, adult female (% of females ages 15 and above)",SE.ADT.LITR.FE.ZS,,,,,,,,,,,,,,,,,,,,,,,,,,,,,,,,,,,,,,,,,,,,,,
Guinea,GIN,"Literacy rate, adult female (% of females ages 15 and above)",SE.ADT.LITR.FE.ZS,,,,,,,,,,,,,,,,,,,,,,9.743069649,,,,,,,18.23867989,,,,,,,12.19194984,,,,21.96224976,,,,27.6925602,,
"Gambia, The",GMB,"Literacy rate, adult female (% of females ages 15 and above)",SE.ADT.LITR.FE.ZS,,,,,,,,,,,,,,,,,,,,,,,,,,25.06155014,,,,,,,,,,,,,33.57535172,,41.57701874,,,,,
Guinea-Bissau,GNB,"Literacy rate, adult female (% of females ages 15 and above)",SE.ADT.LITR.FE.ZS,,,,,8.588259697,,,,,,,,,,,,,,,,,,,,,27.49420929,,,,,,,,,,,,,,30.76851082,,,,,,
Equatorial Guinea,GNQ,"Literacy rate, adult female (% of females ages 15 and above)",SE.ADT.LITR.FE.ZS,,,,,,,,,,,,,,,,,,,,,,,,,,81.6230011,,,,,,,,,,90.6760788,,,,,,,,,,
Greece,GRC,"Literacy rate, adult female (% of females ages 15 and above)",SE.ADT.LITR.FE.ZS,,,,,,,85.31999207,,,,,,,,,,89.353302,,,,,,,,,,94.2394104,,,,90.76541138,,91.81246948,,91.84761047,,96.50211334,,,,,,,97.39409637,,
Grenada,GRD,"Literacy rate, adult female (% of females ages 15 and above)",SE.ADT.LITR.FE.ZS,,,,,,,,,,98.59999847,,,,,,,,,,98.59999847,,,,,,,,,,98.59999847,,,,,,,,,,98.59999847,,,,,,
Greenland,GRL,"Literacy rate, adult female (% of females ages 15 and above)",SE.ADT.LITR.FE.ZS,,,,,,,,,,,,,,,,,,,,,,,,,,,,,,,,,,,,,,,,,,,,,,
Guatemala,GTM,"Literacy rate, adult female (% of females ages 15 and above)",SE.ADT.LITR.FE.ZS,,,,,,,,,,,,,,,,,,,,57.29265976,,,,,,,,63.34138107,,,,,,,,,,72.42803955,72.12758636,76.37065887,,,,76.72338104,,
Guam,GUM,"Literacy rate, adult female (% of females ages 15 and above)",SE.ADT.LITR.FE.ZS,,,,,,96.46308136,,,,,,,,,,99.3085022,,,,,,,,,,,,,,,,,,,,,,,,,,,,,,
Guyana,GUY,"Literacy rate, adult female (% of females ages 15 and above)",SE.ADT.LITR.FE.ZS,,,,,,,,,,,,,,,,,,,,,,,,,,,,,,,,,,,87.25198364,,,,,85.03460693,,,,,,
High income,HIC,"Literacy rate, adult female (% of females ages 15 and above)",SE.ADT.LITR.FE.ZS,,,,,,,,,,,,,,,,,,,,,,,,,,,,,,,,,,,,,,,,,,,,,,
"Hong Kong SAR, China",HKG,"Literacy rate, adult female (% of females ages 15 and above)",SE.ADT.LITR.FE.ZS,,,,,,,,,,,,,,,,,,,,,,,,,,,,,,,,,,,,,,,,,,,,,,
Honduras,HND,"Literacy rate, adult female (% of females ages 15 and above)",SE.ADT.LITR.FE.ZS,,,,,,,,,,,,,,,,,,,,,,,,,,,80.22360229,,,,,,83.45276642,,,84.72502899,84.93026733,85.05148315,85.284729,87.02599335,87.89369965,88.93486023,,87.26555634,88.73169708,
Heavily indebted poor countries (HIPC),HPC,"Literacy rate, adult female (% of females ages 15 and above)",SE.ADT.LITR.FE.ZS,,,,,,,,,,,,32.01932144,32.73283005,33.32223129,33.84653854,34.51391983,34.84471893,35.18080139,35.6385498,36.36894989,36.5639801,37.2501297,38.24108887,38.91468811,39.7093811,40.81594849,41.66674042,41.4333992,42.32003021,43.62429047,43.18114853,41.61853027,43.44255066,43.68367004,43.84215927,45.07196045,47.49039841,48.98246002,50.05854034,51.10319901,51.81340027,52.93761063,54.1251297,54.81586075,55.61194992,56.34822083
Croatia,HRV,"Literacy rate, adult female (% of females ages 15 and above)",SE.ADT.LITR.FE.ZS,,,,,,,,,,,,,,,,,94.8172226,,,,,,,,,,97.08390045,,,,,,,,,,98.66590881,,,,,,,,,
Haiti,HTI,"Literacy rate, adult female (% of females ages 15 and above)",SE.ADT.LITR.FE.ZS,,,,,,,,32.52495956,,,,,,,,,,,,,,,,,,,,,54.86146927,,,44.59944916,,,,,,,,,,58.30052185,,,,
Hungary,HUN,"Literacy rate, adult female (% of females ages 15 and above)",SE.ADT.LITR.FE.ZS,,,,,,98.45413208,,,,,,,,,,,,,,,,,,,,,,,,,,,,,,,,,,99.09999847,,,,,,
IBRD only,IBD,"Literacy rate, adult female (% of females ages 15 and above)",SE.ADT.LITR.FE.ZS,52.58166885,52.71376038,52.9982605,53.85771179,54.68444061,55.25756073,56.30076981,57.16775131,58.19319916,59.19440079,60.073349,60.87982178,61.83156967,64.65036774,65.4074173,65.83944702,66.80565643,67.5412674,68.18614197,68.8376236,69.5256424,70.20694733,74.32524109,75.8575592,76.35959625,76.82772827,77.33831787,77.88536072,78.6672821,79.1900177,79.08968353,79.60076904,80.66744232,81.14276886,81.73441315,82.78353882,83.32180023,83.85037231,84.05893707,84.71096039,84.89926147,85.36820984,85.70800018,85.81552887,86.20198822,86.54943085
IDA & IBRD total,IBT,"Literacy rate, adult female (% of females ages 15 and above)",SE.ADT.LITR.FE.ZS,49.2299614,49.35839844,49.6385994,50.40470123,51.14881897,51.68143845,52.6089592,53.40539169,54.32461166,55.23360062,56.03767014,56.77814102,57.6673317,60.13362885,60.83755875,61.28765106,62.1888504,62.83694839,63.44498062,64.11379242,64.77394104,65.454422,68.9815979,70.44052124,70.96672058,71.21520233,71.76101685,72.25527954,72.96640015,73.55480194,73.42250061,74.18534088,74.56230164,75.15997314,75.68325043,76.6105423,77.07472992,77.60944366,77.89491272,78.55718231,78.84765625,79.49584198,79.89720154,79.99156189,80.36000061,80.69199371
IDA total,IDA,"Literacy rate, adult female (% of females ages 15 and above)",SE.ADT.LITR.FE.ZS,,,,,,,33.95267105,34.38732147,34.77655029,35.24420166,35.7182312,36.17987061,36.83087921,37.60382843,38.18391037,38.89395905,39.66439056,40.07324982,40.70154953,41.67475891,42.44636154,43.28160095,44.22842026,45.61590958,46.51615143,46.0016098,46.93878174,47.39780045,47.9883194,49.0777092,49.0592308,51.1495285,48.8780899,50.31251907,50.88048172,51.63256836,52.11933899,53.00354004,53.9174118,54.94688034,55.96060181,57.60298157,58.55170059,58.92092896,59.54970932,60.15475845
IDA blend,IDB,"Literacy rate, adult female (% of females ages 15 and above)",SE.ADT.LITR.FE.ZS,,,,,,,37.24871063,37.7656517,38.0790596,38.4201889,38.7715416,39.15053177,39.92974854,40.73722076,41.37023926,42.22488022,43.89009857,44.13917923,44.99193954,45.90652847,46.81233978,47.88294983,48.92200851,50.1095314,50.96614075,47.39178085,48.32472992,49.18901825,49.24055099,50.28910065,50.04251862,57.9142189,49.90662003,50.82830048,51.89250183,52.55495071,53.2988205,54.30884933,54.27907181,55.58277893,55.93088913,56.8320694,57.85702133,57.64360809,58.20465851,58.76726151
Indonesia,IDN,"Literacy rate, adult female (% of females ages 15 and above)",SE.ADT.LITR.FE.ZS,,,,,,57.69462967,,,,,,,,,,75.27011871,,,,,,,,,,,,,,86.79959106,,88.78697968,,89.10138702,89.67711639,,90.0687027,,,93.45089722,93.33570862,93.58692169,,93.99217987,,94.55235291
IDA only,IDX,"Literacy rate, adult female (% of females ages 15 and above)",SE.ADT.LITR.FE.ZS,,,,,,,,31.81922913,32.25674057,32.79946136,33.34273911,33.85531998,34.45790863,35.23178101,35.80252075,36.4611702,36.81481934,37.32474899,37.86714935,38.89859009,39.63021851,40.36888123,41.31111145,42.8220787,43.76100159,44.76734161,45.71659088,45.98228836,46.84460068,47.96923065,48.06970978,47.31222153,47.87799072,49.59146881,49.92378998,50.73775101,51.10961914,51.9458313,53.34563828,54.25392914,55.61508942,57.64706039,58.57276917,59.24010086,59.91320038,60.54933167
Isle of Man,IMN,"Literacy rate, adult female (% of females ages 15 and above)",SE.ADT.LITR.FE.ZS,,,,,,,,,,,,,,,,,,,,,,,,,,,,,,,,,,,,,,,,,,,,,,
India,IND,"Literacy rate, adult female (% of females ages 15 and above)",SE.ADT.LITR.FE.ZS,,,,,,,25.67625046,,,,,,,,,,33.72953033,,,,,,,,,,47.84209824,,,,,50.82376099,,,,,59.27732086,,,,,,,65.79080963,,
Not classified,INX,"Literacy rate, adult female (% of females ages 15 and above)",SE.ADT.LITR.FE.ZS,,,,,,,,,,,,,,,,,,,,,,,,,,,,,,,,,,,,,,,,,,,,,,
Ireland,IRL,"Literacy rate, adult female (% of females ages 15 and above)",SE.ADT.LITR.FE.ZS,,,,,,,,,,,,,,,,,,,,,,,,,,,,,,,,,,,,,,,,,,,,,,
"Iran, Islamic Rep.",IRN,"Literacy rate, adult female (% of females ages 15 and above)",SE.ADT.LITR.FE.ZS,,24.42308044,,,,,,,,,,41.03395081,,,,,56.15642166,,,,,66.06775665,,,,,,70.40000153,,,76.80264282,77.24002075,,77.69471741,,,,78.4162674,79.75583649,79.83934784,,80.78743744,,,,
Iraq,IRQ,"Literacy rate, adult female (% of females ages 15 and above)",SE.ADT.LITR.FE.ZS,,,,,,,,,,,,,,,,,,,,,,,,,,64.16950226,,,,,,,,,,,,69,63.40000153,74.59999847,,76.80000305,79.90000153,,,
Iceland,ISL,"Literacy rate, adult female (% of females ages 15 and above)",SE.ADT.LITR.FE.ZS,,,,,,,,,,,,,,,,,,,,,,,,,,,,,,,,,,,,,,,,,,,,,,
Israel,ISR,"Literacy rate, adult female (% of females ages 15 and above)",SE.ADT.LITR.FE.ZS,,,,,,,,,88.67472076,,,,,,,,,,,,,,,,,,,,,,,,,,,,,,,,,,,,,
Italy,ITA,"Literacy rate, adult female (% of females ages 15 and above)",SE.ADT.LITR.FE.ZS,,,,,,,95.53666687,,,,,,,,,,,,,,,,,,,,98.0421524,,,,,,,,,,98.57956696,,,,,,,98.9719162,,
Jamaica,JAM,"Literacy rate, adult female (% of females ages 15 and above)",SE.ADT.LITR.FE.ZS,,,,,,,,,,,,,,,,,,,,,,,,,85.87207794,,,,,,,,,,,,,,,92.69999695,,,,,,
Jordan,JOR,"Literacy rate, adult female (% of females ages 15 and above)",SE.ADT.LITR.FE.ZS,,,,,52.11061096,,,,,,,,,,,,,,,,,,,,,,,,84.71392059,,87.0058136,,88.90331268,,,89.20774078,93.93345642,97.37200928,,,,,,97.83207703,,
Japan,JPN,"Literacy rate, adult female (% of females ages 15 and above)",SE.ADT.LITR.FE.ZS,,,,,,,,,,,,,,,,,,,,,,,,,,,,,,,,,,,,,,,,,,,,,,
Kazakhstan,KAZ,"Literacy rate, adult female (% of females ages 15 and above)",SE.ADT.LITR.FE.ZS,,,,,,,,,,,,,,,96.13877106,,,,,,,,,,99.28990173,,,,,,,,,,99.68428802,99.73899078,,,,,,,,99.73899078,,
Kenya,KEN,"Literacy rate, adult female (% of females ages 15 and above)",SE.ADT.LITR.FE.ZS,,,,,,,,,,,,,,,,,,,,,,,,,,77.89298248,,,,,,,66.86312103,,,,,,,74.00631714,,,,78.1889267,,
Kyrgyz Republic,KGZ,"Literacy rate, adult female (% of females ages 15 and above)",SE.ADT.LITR.FE.ZS,,,,,,,,,,,,,,,,,,,,,,,,,98.13063049,,,,,,,,,,98.9812088,,,,,,,,,99.49971771,,
Cambodia,KHM,"Literacy rate, adult female (% of females ages 15 and above)",SE.ADT.LITR.FE.ZS,,,,,,,,,,,,,,,,,,,,,,,,56.99250031,,,,,,64.05098724,,,,69.58641052,69.10901642,,,,,71.78179932,75.03386688,,,,,
Kiribati,KIR,"Literacy rate, adult female (% of females ages 15 and above)",SE.ADT.LITR.FE.ZS,,,,,,,,,,,,,,,,,,,,,,,,,,,,,,,,,,,,,,,,,,,,,,
St. Kitts and Nevis,KNA,"Literacy rate, adult female (% of females ages 15 and above)",SE.ADT.LITR.FE.ZS,,,,,,,,,,,,,,,,,,,,,,,,,,,,,,,,,,,,,,,,,,,,,,
"Korea, Rep.",KOR,"Literacy rate, adult female (% of females ages 15 and above)",SE.ADT.LITR.FE.ZS,,,,,,,,,,,,,,,,,,,,,,,,,,,,,,,,,,97.61865997,,,,,,,,,,,,
Kuwait,KWT,"Literacy rate, adult female (% of females ages 15 and above)",SE.ADT.LITR.FE.ZS,48.0152092,,,,,59.11050034,,,,,68.84937286,,,,,,,,,,74.14871979,,,,,,,,,,91.04250336,90.82862854,91.50348663,91.77864838,,92.68093872,,94.96524811,94.30116272,,94.470047,,94.82576752,94.905159,,95.35169983
Latin America & Caribbean (excluding high income),LAC,"Literacy rate, adult female (% of females ages 15 and above)",SE.ADT.LITR.FE.ZS,75.09142303,75.55119324,76.07821655,76.64515686,77.1674881,77.76972198,78.18531036,78.68621063,79.19550323,79.69441986,80.18025208,80.6570816,80.95065308,81.5725174,82.11155701,82.62300873,83.20807648,83.90654755,84.60384369,85.18726349,85.83126068,86.22988129,86.53662109,87.10993958,87.47862244,87.81141663,87.82949829,88.0114975,88.86253357,88.8660965,89.41065979,89.27633667,89.95343781,90.23677063,90.63185883,90.80124664,91.39002228,91.71813202,91.81490326,92.29994202,92.45993042,92.93013,93.09552765,93.29000854,93.75498199,93.93205261
Lao PDR,LAO,"Literacy rate, adult female (% of females ages 15 and above)",SE.ADT.LITR.FE.ZS,,,,,,,,,,,,,,,,,,,,,47.90235901,,,,,58.46070099,60.90251923,,,,63.22698975,,,,,,49.72307968,,,,79.39103699,,,,,
Lebanon,LBN,"Literacy rate, adult female (% of females ages 15 and above)",SE.ADT.LITR.FE.ZS,,,,,,,,,,,,,,,,,,,,,,,,,,,,,,,,,85.96778107,,88.08705902,,,,,,,,,93.30500793,,
Liberia,LBR,"Literacy rate, adult female (% of females ages 15 and above)",SE.ADT.LITR.FE.ZS,,,,,,,,,,19.30278969,,,,,,,,,,,,,,,,,,,,,,,27.0349102,,,,,,,,,,34.09225845,,,
Libya,LBY,"Literacy rate, adult female (% of females ages 15 and above)",SE.ADT.LITR.FE.ZS,,,,,,,,,,42.31354904,,,,,,,,,,63.70000076,,,,,,,,,,77.80000305,,,,,,,,,,,,,,,,
St. Lucia,LCA,"Literacy rate, adult female (% of females ages 15 and above)",SE.ADT.LITR.FE.ZS,,,,,,,,,,,,,,,,,,,,,,,,,,,,,,,,,,,,,,,,,,,,,,
Latin America & Caribbean,LCN,"Literacy rate, adult female (% of females ages 15 and above)",SE.ADT.LITR.FE.ZS,76.07552338,76.50443268,76.99752045,77.54052734,78.04089355,78.61042786,79.01374054,79.4912262,79.97612,80.45175171,80.91516876,81.371521,81.64443207,82.23477936,82.77749634,83.26480103,83.81996155,84.48304749,85.14518738,85.69998932,86.3116684,86.69251251,86.99028015,87.5358429,87.88588715,88.20384216,88.22773743,88.40527344,89.20848846,89.21810913,89.73844147,89.62124634,90.33982086,90.58627319,90.95128632,91.08650208,91.64396667,91.96498108,92.03547668,92.50640869,92.66040802,93.11920929,93.25437927,93.44924164,93.89594269,94.06754303
Least developed countries: UN classification,LDC,"Literacy rate, adult female (% of females ages 15 and above)",SE.ADT.LITR.FE.ZS,,,,,,,29.18610001,29.57802963,30.01601982,30.55418015,31.09003067,31.59059906,32.18967819,32.94696045,33.54576111,34.21530914,34.55224991,35.05857849,35.59946823,36.67245102,37.55540085,38.27608871,39.2158699,40.75780869,41.7237587,42.57556915,43.56639862,43.68188858,44.62826157,45.79671097,45.84379959,44.93523026,45.30955887,47.09449005,47.76855087,48.44528961,48.80469894,49.74790955,51.27193069,52.13674164,53.63771057,55.84854126,56.85786819,57.61592102,58.32479858,59.00613022
Low income,LIC,"Literacy rate, adult female (% of females ages 15 and above)",SE.ADT.LITR.FE.ZS,,,,,,,,,,,,,,35.71121979,36.14305878,36.61698151,36.8282814,36.92049026,37.18893814,37.73057938,37.96706009,38.48289871,39.35041046,40.0495491,40.7097702,41.51591873,42.39583969,41.97821045,42.65800858,43.96865082,43.52500153,41.61243057,43.24518967,43.71384048,44.21604919,44.91233826,47.30540848,47.87731171,48.91579819,49.4209404,50.23160934,51.30202103,52.34896088,52.91326904,53.5078392,54.07807922
Liechtenstein,LIE,"Literacy rate, adult female (% of females ages 15 and above)",SE.ADT.LITR.FE.ZS,,,,,,,,,,,,,,,,,,,,,,,,,,,,,,,,,,,,,,,,,,,,,,
Sri Lanka,LKA,"Literacy rate, adult female (% of females ages 15 and above)",SE.ADT.LITR.FE.ZS,,,,,,,82.02197266,,,,,,,,,,,,,,,,,,,,89.13575745,,,,,89.09134674,,89.07347107,,89.9586792,,,,,,91.48610687,90.97074127,90.79560089,91.58087158,
Lower middle income,LMC,"Literacy rate, adult female (% of females ages 15 and above)",SE.ADT.LITR.FE.ZS,35.71829987,35.80411148,36.30025864,36.83972168,37.38162994,37.92710876,38.1633606,39.04204178,39.57836151,40.21527863,40.8574295,41.36071014,42.2893219,42.47496033,43.25513077,43.9930191,44.74571991,45.58063126,46.29090881,47.19625092,48.06307983,48.97167969,49.79030991,52.92285919,53.75487137,53.93597031,54.65869904,55.66410828,56.5859108,57.45948029,56.7774086,58.74449921,58.06467056,59.32442856,60.16817856,62.29360962,62.85654831,63.71516037,64.35520172,65.41397858,66.31742859,67.22427368,68.07827759,68.59158325,69.28978729,69.96179199
Low & middle income,LMY,"Literacy rate, adult female (% of females ages 15 and above)",SE.ADT.LITR.FE.ZS,48.26876831,48.41551971,48.71989059,49.52083969,50.29912949,50.86090851,51.8273201,52.65684891,53.60945129,54.55121994,55.38629913,56.15153885,57.07117081,59.59748077,60.31908035,60.78356171,61.70473862,62.36724091,62.98873138,63.67134094,64.34522247,65.03999329,68.61930847,70.10246277,70.6431427,70.89888,71.45519257,71.95980835,72.68437195,73.28315735,73.15302277,73.9280014,74.3053894,74.9159317,75.44508362,76.38950348,76.86344147,77.40663147,77.70111084,78.37230682,78.66841125,79.32453156,79.73571777,79.83291626,80.20710754,80.54428864
Lesotho,LSO,"Literacy rate, adult female (% of females ages 15 and above)",SE.ADT.LITR.FE.ZS,,,,,,,,,,,,,,,,,,,,,,,,,,92.04644775,,,,,,,,,84.96395874,,,,,84.93489075,,,,,,
Late-demographic dividend,LTE,"Literacy rate, adult female (% of females ages 15 and above)",SE.ADT.LITR.FE.ZS,,60.37704849,60.39022827,61.37104034,62.35157013,63.38335037,64.34715271,65.09279633,66.31257629,67.28794098,68.25055695,69.07203674,69.99790955,74.77828979,75.54524231,75.55835724,76.87787628,77.52734375,78.16223145,78.77094269,79.38622284,79.96627045,86.85353088,87.34442139,87.76793671,88.01776123,88.57067871,89.00375366,89.51638031,89.8685379,90.31098175,90.61953735,92.01503754,92.31871796,92.73825836,92.8221817,93.46853638,93.69628143,93.76911163,94.01696777,94.1975174,94.45729828,94.64187622,94.85569,95.09571838,95.27838135
Lithuania,LTU,"Literacy rate, adult female (% of females ages 15 and above)",SE.ADT.LITR.FE.ZS,,,,,,,,,,,,,,,97.78159332,,,,,,,,,,,,99.64794159,,,,,,,,,,99.83323669,,,,,,,,,
Luxembourg,LUX,"Literacy rate, adult female (% of females ages 15 and above)",SE.ADT.LITR.FE.ZS,,,,,,,,,,,,,,,,,,,,,,,,,,,,,,,,,,,,,,,,,,,,,,
Latvia,LVA,"Literacy rate, adult female (% of females ages 15 and above)",SE.ADT.LITR.FE.ZS,,,,,,,,,,,,,,,99.188797,,,,,,,,,,,99.70973206,,,,,,,,,,,99.90792084,,,,,,,99.90640259,,
"Macao SAR, China",MAC,"Literacy rate, adult female (% of females ages 15 and above)",SE.ADT.LITR.FE.ZS,,,,,,,86.21588135,,,,,,,,,,,,,,,,,,,,87.77497101,,,,,90.72358704,,,,,93.73191071,,,,,95.03256989,,,,
St. Martin (French part),MAF,"Literacy rate, adult female (% of females ages 15 and above)",SE.ADT.LITR.FE.ZS,,,,,,,,,,,,,,,,,,,,,,,,,,,,,,,,,,,,,,,,,,,,,,
Morocco,MAR,"Literacy rate, adult female (% of females ages 15 and above)",SE.ADT.LITR.FE.ZS,,,,,,,,17.51486969,,,,,,,,,,,,28.72542,,,,,,,,,,39.61956024,,,,42.58784866,43.92108154,,57.63999176,59.13063812,,53.31092072,,,,64.59137726,,
Monaco,MCO,"Literacy rate, adult female (% of females ages 15 and above)",SE.ADT.LITR.FE.ZS,,,,,,,,,,,,,,,,,,,,,,,,,,,,,,,,,,,,,,,,,,,,,,
Moldova,MDA,"Literacy rate, adult female (% of females ages 15 and above)",SE.ADT.LITR.FE.ZS,,,,,,,,,,,,,,,94.4444809,,,,,,,,,,,95.49230194,,,,,,,,,,,,,,99.14041901,,,,,,
Madagascar,MDG,"Literacy rate, adult female (% of females ages 15 and above)",SE.ADT.LITR.FE.ZS,,,,,,,,,,,,,,,,,,,,,,,,,,65.27857208,,,,,54.75429916,,,,61.64141083,,,68.28330231,,,,,,75.07057953,,
Maldives,MDV,"Literacy rate, adult female (% of females ages 15 and above)",SE.ADT.LITR.FE.ZS,,,82.17816162,,,,,,,,92.35900879,,,,,96.14601135,,,,,96.44297791,,,,,,,,,,,98.42984772,,,,,,,,98.69167328,,98.11470795,,,,
Middle East & North Africa,MEA,"Literacy rate, adult female (% of females ages 15 and above)",SE.ADT.LITR.FE.ZS,29.51700974,30.26622009,30.68405914,31.40481949,32.18711853,33.01330185,33.85826111,34.82617188,35.89356995,37.02666092,38.07138824,39.30070114,40.26411057,41.51663971,42.75769043,45.54496002,47.0304718,48.25606918,48.81758881,50.13769913,52.05178833,53.83073044,54.90721893,56.36045837,57.72898102,59.06328964,60.36212158,60.88233185,64.03885651,65.29309082,65.17256165,66.12442017,66.58010101,67.46466827,67.64243317,68.74935913,69.60183716,72.28000641,71.71695709,73.85565948,72.32627106,73.56723785,75.10578918,72.35565948,72.77185059,73.19931793
Mexico,MEX,"Literacy rate, adult female (% of females ages 15 and above)",SE.ADT.LITR.FE.ZS,,,,,,79.89099884,,,,,,,,,,84.95590973,,,,,,,,,,88.68203735,,88.72863007,,89.63101959,90.21041107,89.8345108,91.35555267,91.45361328,92.11624908,91.85341644,92.33827972,93.17923737,92.90393829,93.59133911,93.48549652,93.96852112,94.16575623,94.60804749,,94.49513245
Marshall Islands,MHL,"Literacy rate, adult female (% of females ages 15 and above)",SE.ADT.LITR.FE.ZS,,,,,,,,,,,,,,,,,,,,,,,,,,,,,,,,,,,,,98.20298004,,,,,,,,,
Middle income,MIC,"Literacy rate, adult female (% of females ages 15 and above)",SE.ADT.LITR.FE.ZS,49.4292984,49.57172012,49.87994003,50.71627045,51.52713013,52.10113144,53.0984993,53.94989014,54.93133163,55.90322113,56.76203918,57.55195999,58.49647903,61.16149139,61.90866089,62.38103104,63.36169815,64.07524109,64.73433685,65.4420929,66.16348267,66.87837219,70.65912628,72.21395111,72.76320648,72.9957428,73.54628754,74.134552,74.88031006,75.44763184,75.36569214,76.36968231,76.68370819,77.33985901,77.90701294,78.90724945,79.26027679,79.83426666,80.10096741,80.82150269,81.11119843,81.76921082,82.16377258,82.26000214,82.65685272,83.01712799
North Macedonia,MKD,"Literacy rate, adult female (% of females ages 15 and above)",SE.ADT.LITR.FE.ZS,,,,,,,,,,,,,,,,,,,,90.92801666,,,,,,,,94.05606842,,,,,,,,,,,,96.69999695,,,,,,97.60762024
Mali,MLI,"Literacy rate, adult female (% of females ages 15 and above)",SE.ADT.LITR.FE.ZS,,5.735280037,,,,,,,,,,,,,,,,,,,,,,11.89342976,,,,,15.89999962,,,18.19091034,,,,20.28792953,18.90468979,,,,22.19581032,,,25.73516083,,22.07847023
Malta,MLT,"Literacy rate, adult female (% of females ages 15 and above)",SE.ADT.LITR.FE.ZS,,,,,,,,,,,87.28613281,,,,,,,,,,89.24263763,,,,,,,,,,93.50424957,,,,,,94.79003906,,,,,,,95.98872375,,
Myanmar,MMR,"Literacy rate, adult female (% of females ages 15 and above)",SE.ADT.LITR.FE.ZS,,,,,,,,,71.630867,,,,,,,,,,,,,,,,,86.41517639,,,,,,,,,,,,,,,,71.84699249,,,86.26860809,
Middle East & North Africa (excluding high income),MNA,"Literacy rate, adult female (% of females ages 15 and above)",SE.ADT.LITR.FE.ZS,26.44132996,27.23168945,27.65759087,28.41835976,29.22436905,30.11033058,31.00489044,31.97761917,33.12688828,34.33229065,35.46360016,36.80178833,37.84706116,39.1147995,40.37335968,43.3494606,44.87779999,46.09394073,46.689991,48.04961014,50.06241989,51.90761185,52.97700119,54.42459106,55.81721115,57.14508057,58.49317932,58.88716888,62.19932938,63.44530869,63.22570038,64.14958191,64.52320099,65.35462952,65.42771149,66.54248047,66.81977081,69.75009155,68.98238373,71.33203125,69.52359772,70.87821198,72.59703064,69.41900635,69.88861084,70.35214233
Montenegro,MNE,"Literacy rate, adult female (% of females ages 15 and above)",SE.ADT.LITR.FE.ZS,,,,,,,83.23545837,,,,,,,,,,97.77604675,,,,,,,,,,,,96.31887054,,,,,,,,97.50051117,,,,,,,98.27134705,,
Mongolia,MNG,"Literacy rate, adult female (% of females ages 15 and above)",SE.ADT.LITR.FE.ZS,,,,,,,,,,,,,,,,,,,,,,,,,,97.52880096,,,,,,,,,,98.33663177,,,,,,,,98.64888763,,99.24108887
Northern Mariana Islands,MNP,"Literacy rate, adult female (% of females ages 15 and above)",SE.ADT.LITR.FE.ZS,,,,,,,,,,,,,,,,,,,,,,,,,,,,,,,,,,,,,,,,,,,,,,
Mozambique,MOZ,"Literacy rate, adult female (% of females ages 15 and above)",SE.ADT.LITR.FE.ZS,,,,,,12.09652996,,,,,,,,,,,,,,,,,24.96419907,,,,,,33.19395828,,,,,,36.45227814,,,,,,43.06246185,,50.29513931,,,
Mauritania,MRT,"Literacy rate, adult female (% of females ages 15 and above)",SE.ADT.LITR.FE.ZS,,,,,,,,,,,,,,,,,,,,,,,,,,43.4173584,,,,,,,35.34843063,,,,,,56.59244156,,,,43.35438919,,,
Mauritius,MUS,"Literacy rate, adult female (% of females ages 15 and above)",SE.ADT.LITR.FE.ZS,,,,,,,,,,,,,,,,74.66088867,,,,,,,,,,80.50003052,,,,,,,,,,,86.65807343,88.97934723,89.05094147,90.28331757,90.65402222,90.98055267,,89.36637878,,
Malawi,MWI,"Literacy rate, adult female (% of females ages 15 and above)",SE.ADT.LITR.FE.ZS,,,,,,,,,,,,,33.5230217,,,,,,,,,,,53.9971199,,,,,,,,,,,,51.25196838,,,,55.13098907,55.20410919,,,,,
Malaysia,MYS,"Literacy rate, adult female (% of females ages 15 and above)",SE.ADT.LITR.FE.ZS,,,,,,61.24850082,,,,,,,,,,,77.28308868,,,,,,,,,85.35421753,,,,,,,,,,90.74768066,,,,,,93.36942291,93.55406952,93.50482941,93.64668274,
North America,NAC,"Literacy rate, adult female (% of females ages 15 and above)",SE.ADT.LITR.FE.ZS,,,,,,,,,,,,,,,,,,,,,,,,,,,,,,,,,,,,,,,,,,,,,,
Namibia,NAM,"Literacy rate, adult female (% of females ages 15 and above)",SE.ADT.LITR.FE.ZS,,,,,,,,,,,,,,,,,73.98660278,,,,,,,,,,83.54032135,,,,,,78.35098267,,,,87.95105743,,,,,,,91.43643188,,
New Caledonia,NCL,"Literacy rate, adult female (% of females ages 15 and above)",SE.ADT.LITR.FE.ZS,,90.31079102,,,,,,,,,,,,,92.07344055,,,,,,,95.46530151,,,,,,,,,,,,,,,,,,97.5,,,,,,
Niger,NER,"Literacy rate, adult female (% of females ages 15 and above)",SE.ADT.LITR.FE.ZS,,,,,,,,,,,,,,,,,,,,,,,,,,,9.399350166,,,,15.08413982,,,,,,,22.55129051,,,,,,26.64999962,,
Nigeria,NGA,"Literacy rate, adult female (% of females ages 15 and above)",SE.ADT.LITR.FE.ZS,,,,,,,,,,,,,,,,,43.72919846,,,,,,,,,,,,43.32204819,,,64.25449371,,41.38676071,,,,,,,,,,52.65647888,,
Nicaragua,NIC,"Literacy rate, adult female (% of females ages 15 and above)",SE.ADT.LITR.FE.ZS,,,,,,,,,,,,,,,,,,,,,,,,,,,76.60166168,,,,77.91603851,,,,,,,,,,82.77935028,,,,,
Netherlands,NLD,"Literacy rate, adult female (% of females ages 15 and above)",SE.ADT.LITR.FE.ZS,,,,,,,,,,,,,,,,,,,,,,,,,,,,,,,,,,,,,,,,,,,,,,
Norway,NOR,"Literacy rate, adult female (% of females ages 15 and above)",SE.ADT.LITR.FE.ZS,,,,,,,,,,,,,,,,,,,,,,,,,,,,,,,,,,,,,,,,,,,,,,
Nepal,NPL,"Literacy rate, adult female (% of females ages 15 and above)",SE.ADT.LITR.FE.ZS,,,,,,,9.153120041,,,,,,,,,,17.38179016,,,,,,,,,,34.88676071,,,,,,,,,,48.83758926,,,,,,,59.72443008,,
Nauru,NRU,"Literacy rate, adult female (% of females ages 15 and above)",SE.ADT.LITR.FE.ZS,,,,,,,,,,,,,,,,,,,,,,,,,,,,,,,,,,,,,,,,,,,,,,
New Zealand,NZL,"Literacy rate, adult female (% of females ages 15 and above)",SE.ADT.LITR.FE.ZS,,,,,,,,,,,,,,,,,,,,,,,,,,,,,,,,,,,,,,,,,,,,,,
OECD members,OED,"Literacy rate, adult female (% of females ages 15 and above)",SE.ADT.LITR.FE.ZS,,,,,,,,,,,,,,,,,,,,,,,,,,,,,,,,,,,,,,,,,,,,,,
Oman,OMN,"Literacy rate, adult female (% of females ages 15 and above)",SE.ADT.LITR.FE.ZS,,,,,,,,,,,,,,,,,,,,,,,,,,,,,73.53170776,,,,,80.87226105,,81.80323029,,,,88.92669678,86.03720856,90.94416046,92.2256012,92.69399261,,
Other small states,OSS,"Literacy rate, adult female (% of females ages 15 and above)",SE.ADT.LITR.FE.ZS,,,,,,,,,68.03262329,68.19657898,68.34359741,68.55792236,68.95269012,69.83540344,70.33132172,70.64652252,71.11392975,71.56286621,72.20838165,72.34075165,72.76824951,73.45304871,74.07749939,74.87702942,75.52612305,75.614151,76.146492,77.01255798,77.79268646,78.20870972,78.82103729,78.58818054,77.81278992,78.90509033,78.16020966,78.34996033,79.04676819,79.4908905,79.96360779,80.40381622,81.30874634,81.56896973,81.83029938,82.15849304,82.54390717,82.92002869
Pakistan,PAK,"Literacy rate, adult female (% of females ages 15 and above)",SE.ADT.LITR.FE.ZS,,,,,,,14.77155018,,,,,,,,,,,,,,,,,29.04384041,,,,,,,35.36751938,39.61323166,38.45775986,40.08118057,40.31462097,41.01552963,41.97539139,43.07189178,41.97494125,44.28342056,,,46.46767044,45.39839935,46.49003983,
Panama,PAN,"Literacy rate, adult female (% of females ages 15 and above)",SE.ADT.LITR.FE.ZS,,,,,,88.04653168,,,,,,,,,,88.21485138,,,,,,,,,,91.24717712,,,,,,,,,,93.48526001,,,,,,,,94.8817215,95.35887909,
Peru,PER,"Literacy rate, adult female (% of females ages 15 and above)",SE.ADT.LITR.FE.ZS,,,,,,,73.8583374,,,,,,,,,,,,81.65875244,,,,,,,,,,,82.06262207,82.45436859,83.45487213,84.6468811,,,,,90.66883087,,90.4491806,91.24652863,91.18852997,91.27012634,91.70310974,,92.01902771
Philippines,PHL,"Literacy rate, adult female (% of females ages 15 and above)",SE.ADT.LITR.FE.ZS,,,,,,82.76215363,,,,,,,,,,93.18071747,,,,94.53865051,,,,,,92.65490723,,,93.56452942,,,,,95.82563019,,,,,96.78736115,,98.24175262,,,,96.85243225,
Palau,PLW,"Literacy rate, adult female (% of females ages 15 and above)",SE.ADT.LITR.FE.ZS,,,,,,90.50324249,,,,,,,,,,,,,,,,,,,,,,,,,,,,,,,,,99.52793884,,96.34014893,,,,,
Papua New Guinea,PNG,"Literacy rate, adult female (% of females ages 15 and above)",SE.ADT.LITR.FE.ZS,,,,,,,,,,,,,,,,,,,,,,,,,,50.91773987,,,,,,,,,,57.90000153,,,,,,,,,,
Poland,POL,"Literacy rate, adult female (% of females ages 15 and above)",SE.ADT.LITR.FE.ZS,,,,98.25198364,,,,,,,,,,98.25198364,,,,,,,,,,98.25198364,,,,,,,,,,98.25198364,,,,,,,,,,,,
Pre-demographic dividend,PRE,"Literacy rate, adult female (% of females ages 15 and above)",SE.ADT.LITR.FE.ZS,,,,,,,,,,,,35.69824982,36.55775833,37.34255981,38.07938004,38.87136841,39.91775894,39.89717102,40.59014893,41.30797958,41.9204216,42.8438797,44.01008987,44.70481873,45.65599823,43.82820892,44.8613205,45.62268829,46.40525055,47.12762833,46.75831985,49.53311157,44.74985886,45.01213074,44.14670181,44.99073029,47.12781906,49.74198151,50.4681015,51.79330063,51.16743851,53.72584915,54.96149063,54.25741959,54.98374939,55.6928215
Puerto Rico,PRI,"Literacy rate, adult female (% of females ages 15 and above)",SE.ADT.LITR.FE.ZS,,,,,,85.8503418,,,,,,,,,,89.73095703,,,,,,,,,,,,,,,,,,,,92.53015137,,,,,,,92.39002228,,,
"Korea, Dem. People's Rep.",PRK,"Literacy rate, adult female (% of females ages 15 and above)",SE.ADT.LITR.FE.ZS,,,,,,,,,,,,,,,,,,,,,,,,,,,,,,,,,,99.997612,,,,,,,,,,,,
Portugal,PRT,"Literacy rate, adult female (% of females ages 15 and above)",SE.ADT.LITR.FE.ZS,,,,,,,74.60798645,,,,,,,,,,84.65821075,,,,,,,,,,,,,,,,,,,,92.86077118,,,,,,,95.0725174,,
Paraguay,PRY,"Literacy rate, adult female (% of females ages 15 and above)",SE.ADT.LITR.FE.ZS,,,,,,,,75.85298157,,,,,,,,,,88.55870819,,,,,,,,,,,,,,,93.45326996,92.49443054,93.14401245,92.9257431,,93.58785248,94.46626282,94.21479797,94.87442017,93.83505249,,93.53170776,92.6553421,94.18141174
West Bank and Gaza,PSE,"Literacy rate, adult female (% of females ages 15 and above)",SE.ADT.LITR.FE.ZS,,,,,,,,,,,,,,,,,,,,,,,79.76364136,,,,,,,88.76574707,,89.75801086,90.34676361,90.75170135,91.4814682,91.84744263,92.24562073,93.21846008,93.77192688,94.09632874,94.53014374,94.88633728,95.28157806,95.74188995,95.91488647,96.20166779
Pacific island small states,PSS,"Literacy rate, adult female (% of females ages 15 and above)",SE.ADT.LITR.FE.ZS,,,,,,,,,,,,,,,,84.21395874,84.23747253,84.49852753,84.7647171,85.03365326,85.28679657,85.43721771,85.73783112,85.96296692,86.1726532,86.37767792,86.59182739,86.80251312,86.98519135,87.17733002,87.33361816,87.46537781,87.65232086,87.85191345,88.04888916,88.25434113,88.40162659,88.52690887,88.64386749,88.71575165,88.8117981,88.97892761,89.14919281,89.17031097,,
Post-demographic dividend,PST,"Literacy rate, adult female (% of females ages 15 and above)",SE.ADT.LITR.FE.ZS,,,,,,,,,,,,,,,,,,,,,,,,,,,,,,,,,,,,,,,,,,,,,,
French Polynesia,PYF,"Literacy rate, adult female (% of females ages 15 and above)",SE.ADT.LITR.FE.ZS,,,,,,,,,,,,,,,,,,,,,,,,,,,,,,,,,,,,,,,,,,,,,,
Qatar,QAT,"Literacy rate, adult female (% of females ages 15 and above)",SE.ADT.LITR.FE.ZS,,,,,,,,,,,,72.45894623,,,,,,,,,,,80.8886795,,,,,,,86.71118164,,,90.43611908,89.13771057,90.15306854,91.89582062,90.24652863,90.8117218,91.72962952,92.45240021,,94.20703888,94.7115097,,,
Romania,ROU,"Literacy rate, adult female (% of females ages 15 and above)",SE.ADT.LITR.FE.ZS,,,,,,,,,,,,,,,,,,94.9826889,,,,,,,,,,96.26631927,,,,,,,,,98.20520782,,,,,,,98.59976959,,
Russian Federation,RUS,"Literacy rate, adult female (% of females ages 15 and above)",SE.ADT.LITR.FE.ZS,,,,,,,,,,,,,,,96.75817108,,,,,,,,,,,,,99.22836304,,,,,,,,99.64778137,,,,,,,,99.73410797,,
Rwanda,RWA,"Literacy rate, adult female (% of females ages 15 and above)",SE.ADT.LITR.FE.ZS,,,,26.57357979,,,,,,,,,,,,,,,,,,,,,,59.75033951,,,,,,,,,,61.54861069,,64.66448975,,66.13744354,,,,69.39453888,,
South Asia,SAS,"Literacy rate, adult female (% of females ages 15 and above)",SE.ADT.LITR.FE.ZS,21.42671967,21.43680954,22.17178917,22.92134094,23.67721939,24.42233086,24.65538025,25.91279984,26.70421982,27.50632095,28.32025909,29.14460945,29.98073959,29.95940971,30.87265968,31.76864052,32.43296051,33.55332947,34.46977997,35.39984131,36.35480881,37.33181,38.31713104,42.89321899,43.90235901,44.93043137,45.71406174,46.96604156,47.83428955,48.86325836,48.05305099,49.33618164,49.87897873,51.68540955,52.70362854,55.72650146,56.83430862,57.46775818,58.45438004,59.4637413,60.55537033,62.13805008,63.05276871,63.72016144,64.64469147,65.55431366
Saudi Arabia,SAU,"Literacy rate, adult female (% of females ages 15 and above)",SE.ADT.LITR.FE.ZS,,,,,,,,,,,,,,,,,,57.27783966,,,,,,,,69.2911911,,,,76.3351593,,,,,,,,,91.36924744,,,,92.7071991,,,96.04924774
Sudan,SDN,"Literacy rate, adult female (% of females ages 15 and above)",SE.ADT.LITR.FE.ZS,,,,,,,,,,,,,,,,,,,,,,,,,,52.14640045,,,,,,,,46.69963074,,,,,,,,,,56.06322861,,
Senegal,SEN,"Literacy rate, adult female (% of females ages 15 and above)",SE.ADT.LITR.FE.ZS,,,,,,,,,,,,,,17.86326981,,,,,,,,,,,,,,29.24733925,,,,32.98757935,,,37.42441177,,40.25495148,,33.76036072,,,,39.7985611,,,
Singapore,SGP,"Literacy rate, adult female (% of females ages 15 and above)",SE.ADT.LITR.FE.ZS,,,,,,73.96853638,,,,,,,,,,83.02684784,,,,,,,,,,88.64517975,,,,,,,,,,93.77481079,94.06833649,94.35958862,94.64186859,94.91132355,95.19065094,95.44789124,95.68946838,95.91941071,96.134758,
Solomon Islands,SLB,"Literacy rate, adult female (% of females ages 15 and above)",SE.ADT.LITR.FE.ZS,,,,,,,,,,,,,,,,,,,,,,,,,69,,,,,,,,,,69,,,,,,,,,,,
Sierra Leone,SLE,"Literacy rate, adult female (% of females ages 15 and above)",SE.ADT.LITR.FE.ZS,,,,,,,,,,,,,,,,,,,,,,,,,,,,,,24.15892982,,,,,,,,,24.85667992,,,,,34.85203171,,
El Salvador,SLV,"Literacy rate, adult female (% of females ages 15 and above)",SE.ADT.LITR.FE.ZS,,,,,,,,,,,,,,,,,,71.28053284,,,,,,,,,,,,,,81.00382233,79.66213226,81.35949707,81.81794739,82.30802155,83.01564026,,84.67034912,,86.21710205,86.32642365,86.67363739,87.23413849,87.31858826,
San Marino,SMR,"Literacy rate, adult female (% of females ages 15 and above)",SE.ADT.LITR.FE.ZS,,,,,,,,,,,,,,,,,,,,,,,,,,,,,,,,,,,,,,,,,,,,,,
Somalia,SOM,"Literacy rate, adult female (% of females ages 15 and above)",SE.ADT.LITR.FE.ZS,,,,,,,,,,,,,,,,,,,,,,,,,,,,,,,,,,,,,,,,,,,,,,
Serbia,SRB,"Literacy rate, adult female (% of females ages 15 and above)",SE.ADT.LITR.FE.ZS,,,,,,,,,,,,,,,,,,,,,,,,,,,,,94.06828308,,,,,,,,96.74910736,,,,,98.22827911,,,99.11560822,
Sub-Saharan Africa (excluding high income),SSA,"Literacy rate, adult female (% of females ages 15 and above)",SE.ADT.LITR.FE.ZS,,,,,,,,,,,38.10448837,38.53654861,39.28860092,39.98424911,40.54476166,41.34954834,42.1324501,42.38386154,43.10187912,44.01565933,44.53911972,45.43069077,46.52735138,47.23442841,48.14250183,46.72938919,47.75791931,47.79964828,48.55881882,49.86006927,49.11481857,51.5006485,48.39960861,48.75540161,49.43407822,50.18257904,52.11117935,53.41955185,54.39984131,55.23514938,56.08628082,57.07067108,57.55944824,58.26007843,58.82321167,59.36135101
South Sudan,SSD,"Literacy rate, adult female (% of females ages 15 and above)",SE.ADT.LITR.FE.ZS,,,,,,,,,,,,,,,,,,,,,,,,,,,,,,,,,,19.18638039,,,,,,,,,,28.86425972,,
Sub-Saharan Africa,SSF,"Literacy rate, adult female (% of females ages 15 and above)",SE.ADT.LITR.FE.ZS,,,,,,,,,,,38.20877838,38.64054108,39.39102936,40.08518982,40.64448166,41.44646072,42.22896957,42.48038101,43.1969986,44.1086998,44.63127899,45.52098083,46.61386871,47.31983948,48.22608185,46.81653976,47.8430481,47.88446045,48.64146042,49.93925858,49.19551086,51.57551956,48.48125076,48.83784866,49.51454926,50.26076889,52.18458939,53.49328995,54.47018051,55.30461121,56.15330124,57.13505936,57.61819077,58.31703186,58.8786087,59.41519928
Small states,SST,"Literacy rate, adult female (% of females ages 15 and above)",SE.ADT.LITR.FE.ZS,,,,,,,,,,,,74.63545227,74.85090637,75.41645813,75.72332001,75.93022156,76.23835754,76.55953217,77.0196991,77.12519073,77.48362732,78.00588226,78.4917984,79.12071991,79.51029968,79.72689056,80.15998077,80.82673645,81.43018341,81.77619934,82.25858307,82.11930847,81.70828247,82.5276413,82.0286026,82.20155334,82.72400665,83.00659943,83.28691864,83.62110901,84.28710175,84.48223877,84.67607117,84.90986633,85.18003845,85.44445801
Sao Tome and Principe,STP,"Literacy rate, adult female (% of females ages 15 and above)",SE.ADT.LITR.FE.ZS,,,,,,,42.36338043,,,,,,,,,,61.92047882,,,,,,,,,,77.94922638,,,,,,,60.0830307,,,,85.4417038,,,,,,89.51573181,,
Suriname,SUR,"Literacy rate, adult female (% of females ages 15 and above)",SE.ADT.LITR.FE.ZS,,,,,,,,,,,,,,,,,,,,,,,,,,,,,,87.1974411,,,,93.76537323,,94.00354004,,90.99790955,,,,,,92.71205902,,
Slovak Republic,SVK,"Literacy rate, adult female (% of females ages 15 and above)",SE.ADT.LITR.FE.ZS,,,,,,,,,,,,,,,,,,,,,,,,,,,,,,,,,,,,,,,,,,,,,,
Slovenia,SVN,"Literacy rate, adult female (% of females ages 15 and above)",SE.ADT.LITR.FE.ZS,,,,,,,,,,,,,,,,,99.45375061,,,,,,,,,,,,,99.59999847,,,,,,,,,,99.59999847,,,,,,
Sweden,SWE,"Literacy rate, adult female (% of females ages 15 and above)",SE.ADT.LITR.FE.ZS,,,,,,,,,,,,,,,,,,,,,,,,,,,,,,,,,,,,,,,,,,,,,,
Eswatini,SWZ,"Literacy rate, adult female (% of females ages 15 and above)",SE.ADT.LITR.FE.ZS,,53.6659584,,,,,,,,,,65.2228775,,,,,,,,,,,,,,80.32875061,,,,,,,,,,82.44754791,,,,,,,,88.54268646,,
Sint Maarten (Dutch part),SXM,"Literacy rate, adult female (% of females ages 15 and above)",SE.ADT.LITR.FE.ZS,,,,,,,,,,,,,,,,,,,,,,,,,,,,,,,,,,,,,,,,,,,,,,
Seychelles,SYC,"Literacy rate, adult female (% of females ages 15 and above)",SE.ADT.LITR.FE.ZS,,,,,,,,,,,,,85.48930359,,,,,,,88.58660126,,,,,,,,92.2589798,,,,,,,,94.44898224,,,,,,,,96.35019684,,
Syrian Arab Republic,SYR,"Literacy rate, adult female (% of females ages 15 and above)",SE.ADT.LITR.FE.ZS,,,,,,,37.05915833,,,,,,,,,,,,,,,,,,,,,74.24044037,,73.6265564,,,,,,,,,,,,,,,,
Turks and Caicos Islands,TCA,"Literacy rate, adult female (% of females ages 15 and above)",SE.ADT.LITR.FE.ZS,,,,,,,,,,,,,,,,,,,,,,,,,,,,,,,,,,,,,,,,,,,,,,
Chad,TCD,"Literacy rate, adult female (% of females ages 15 and above)",SE.ADT.LITR.FE.ZS,,,,,,,,,,,,,,,,,,,4.591829777,,,,,,,12.7964201,,,,17.98057938,,,,,,,,,,,13.93340969,13.95522976,,,,
East Asia & Pacific (IDA & IBRD countries),TEA,"Literacy rate, adult female (% of females ages 15 and above)",SE.ADT.LITR.FE.ZS,,49.44564056,49.68320847,51.14279938,52.62586975,53.46725082,55.63368988,56.80347824,58.5550499,59.97866058,61.33847046,62.49604034,64.02336121,69.97147369,70.98116302,71.10037231,72.70211029,73.50731659,74.28897095,75.12055206,75.94448853,76.6740799,84.87610626,85.41325378,85.89266205,86.28343201,86.95793152,87.50932312,88.08001709,88.54862976,89.05335236,89.64807129,91.22245789,91.58068085,92.08618164,92.25179291,92.1261673,92.43216705,92.57099152,93.18202972,93.42778778,93.63510895,93.90190887,94.14051056,94.35501862,94.57164001
Europe & Central Asia (IDA & IBRD countries),TEC,"Literacy rate, adult female (% of females ages 15 and above)",SE.ADT.LITR.FE.ZS,,,,,,,,,92.09499359,92.8866806,93.08130646,93.20681763,93.38031769,93.51677704,93.61047363,93.79637146,93.92494965,94.09140015,94.25785828,94.4240799,94.59367371,94.84451294,95.00550079,95.48188782,95.580513,95.59467316,95.69486237,95.81220245,95.9107666,96.11144257,96.34163666,96.30185699,96.43717957,96.48773956,97.25991821,97.64746094,97.9776001,98.15653229,98.22493744,98.26679993,98.30638123,98.46862793,98.43508911,98.49926758,98.54840851,98.59620667
Togo,TGO,"Literacy rate, adult female (% of females ages 15 and above)",SE.ADT.LITR.FE.ZS,,,,,,,,,,,,,,,,,,,,,,,,,,38.45328903,,,,,,44.37662888,,,43.60689926,,47.97739029,,,,51.24177933,,,,55.05149841,
Thailand,THA,"Literacy rate, adult female (% of females ages 15 and above)",SE.ADT.LITR.FE.ZS,,,,,,83.89334869,,,,,,,,,,,,,,,,,,,,90.51602173,,,,,91.52957153,,,,,96.42704773,,,92.24916077,,91.19193268,,,92.42855835,,
Tajikistan,TJK,"Literacy rate, adult female (% of females ages 15 and above)",SE.ADT.LITR.FE.ZS,,,,,,,,,,,,,,,96.64179993,,,,,,,,,,,99.22122955,,,,,,,,,,,,,,99.69999695,,,,,,
Turkmenistan,TKM,"Literacy rate, adult female (% of females ages 15 and above)",SE.ADT.LITR.FE.ZS,,,,,,,,,,,,,,,,,,,,,98.26177216,,,,,,,,,,,,,,,,,,,99.59999847,,,,,,
Latin America & the Caribbean (IDA & IBRD countries),TLA,"Literacy rate, adult female (% of females ages 15 and above)",SE.ADT.LITR.FE.ZS,75.17719269,75.62962341,76.14434052,76.70864105,77.22956848,77.8290863,78.24533081,78.74675751,79.2575531,79.75752258,80.24262238,80.72086334,80.99636841,81.61309052,82.18128967,82.69303894,83.27729034,83.97354889,84.66873932,85.2519989,85.89370728,86.29367065,86.60780334,87.17826843,87.54541016,87.87819672,87.90538788,88.09088898,88.92299652,88.93424225,89.47379303,89.35533142,90.09912872,90.35530853,90.73538971,90.87828827,91.4522171,91.78366089,91.85848236,92.34439087,92.51074982,92.98426056,93.1246109,93.32608795,93.78604126,93.96327972
Timor-Leste,TLS,"Literacy rate, adult female (% of females ages 15 and above)",SE.ADT.LITR.FE.ZS,,,,,,,,,,,,,,,,,,,,,,,,,,,30,,,,,,42.5,,,52.95899963,,,,,,,,64.2109375,,
Middle East & North Africa (IDA & IBRD countries),TMN,"Literacy rate, adult female (% of females ages 15 and above)",SE.ADT.LITR.FE.ZS,26.03720093,26.83268929,27.26173973,28.02890015,28.84165001,29.73468018,30.63596916,31.61556053,32.77289963,33.98696136,35.12654877,36.47375107,37.52608871,38.8028183,40.06996155,43.06879044,44.60746002,45.83113861,46.41902161,47.7772789,49.79486084,51.64398956,52.72993851,54.15855026,55.55284119,56.88328171,58.23543167,58.61381149,61.95230865,63.21136856,62.97613144,63.90184021,64.26905823,65.1007309,65.16271973,66.28038788,66.55293274,69.50086975,68.71617126,71.08482361,69.24897003,70.61109924,72.34259796,69.12255859,69.59021759,70.05406952
Tonga,TON,"Literacy rate, adult female (% of females ages 15 and above)",SE.ADT.LITR.FE.ZS,,99.52552795,,,,,,,,,,,,,,,,,,,,98.97554779,,,,,,,,,,99.0825119,,,,,99.43421936,,,,,,,99.47502899,,
South Asia (IDA & IBRD),TSA,"Literacy rate, adult female (% of females ages 15 and above)",SE.ADT.LITR.FE.ZS,21.42671967,21.43680954,22.17178917,22.92134094,23.67721939,24.42233086,24.65538025,25.91279984,26.70421982,27.50632095,28.32025909,29.14460945,29.98073959,29.95940971,30.87265968,31.76864052,32.43296051,33.55332947,34.46977997,35.39984131,36.35480881,37.33181,38.31713104,42.89321899,43.90235901,44.93043137,45.71406174,46.96604156,47.83428955,48.86325836,48.05305099,49.33618164,49.87897873,51.68540955,52.70362854,55.72650146,56.83430862,57.46775818,58.45438004,59.4637413,60.55537033,62.13805008,63.05276871,63.72016144,64.64469147,65.55431366
Sub-Saharan Africa (IDA & IBRD countries),TSS,"Literacy rate, adult female (% of females ages 15 and above)",SE.ADT.LITR.FE.ZS,,,,,,,,,,,38.20877838,38.64054108,39.39102936,40.08518982,40.64448166,41.44646072,42.22896957,42.48038101,43.1969986,44.1086998,44.63127899,45.52098083,46.61386871,47.31983948,48.22608185,46.81653976,47.8430481,47.88446045,48.64146042,49.93925858,49.19551086,51.57551956,48.48125076,48.83784866,49.51454926,50.26076889,52.18458939,53.49328995,54.47018051,55.30461121,56.15330124,57.13505936,57.61819077,58.31703186,58.8786087,59.41519928
Trinidad and Tobago,TTO,"Literacy rate, adult female (% of females ages 15 and above)",SE.ADT.LITR.FE.ZS,,,,,,93.46417236,,,,,,,,,,95.66178894,,,,,,,,,,97.09999847,,,,,,,,,,98.30000305,,,,,,,,,,
Tunisia,TUN,"Literacy rate, adult female (% of females ages 15 and above)",SE.ADT.LITR.FE.ZS,,,,,,,,,,35.7675705,,,,,,,,,,,,,,,,,,,,65.34786224,,,68.50937653,69.20937347,,71.08821106,71.729599,72.16065216,,72.22377014,,,,,,
Turkey,TUR,"Literacy rate, adult female (% of females ages 15 and above)",SE.ADT.LITR.FE.ZS,45.09891891,,,,,49.80641174,,,,,64.23171997,,,,,68.51966095,,,,,,,,,,,,,,79.58168793,80.5489502,80.38516235,81.26383209,,85.34716034,88.07317352,90.31009674,91.60452271,92.13807678,92.40181732,92.64581299,93.56301117,93.49826813,,94.42404175,
Tuvalu,TUV,"Literacy rate, adult female (% of females ages 15 and above)",SE.ADT.LITR.FE.ZS,,,,,,,,,,,,,,,,,,,,,,,,,,,,,,,,,,,,,,,,,,,,,,
Tanzania,TZA,"Literacy rate, adult female (% of females ages 15 and above)",SE.ADT.LITR.FE.ZS,,,,,,,,,,,,,,48.08802032,,,,,,,,,,,,,,62.17232132,,,,,,,,60.7526207,,73.34718323,,,73.09382629,,,,,
Uganda,UGA,"Literacy rate, adult female (% of females ages 15 and above)",SE.ADT.LITR.FE.ZS,,,,,,,,,,,,,,,,,44.82669067,,,,,,,,,,,58.90988159,,,,62.07897186,,,,64.59145355,,61.97042847,,,,,,70.83805847,,
Ukraine,UKR,"Literacy rate, adult female (% of females ages 15 and above)",SE.ADT.LITR.FE.ZS,,,,,,,,,,,,,,,,,,,,,,,,,,,99.17156982,,,,,,,,,,,99.95819855,,,,,,,,
Upper middle income,UMC,"Literacy rate, adult female (% of females ages 15 and above)",SE.ADT.LITR.FE.ZS,,59.00302124,59.18350983,60.22787857,61.22602844,61.81900024,63.31299973,64.12943268,65.40348816,66.5973587,67.60436249,68.59181213,69.56139374,73.95128632,74.72206879,75.06941223,76.30052948,77.0089798,77.71138,78.37637329,79.11354065,79.75749207,85.80296326,86.36090851,86.83470154,87.20796967,87.73795319,88.08583832,88.75512695,89.15791321,89.62979126,89.9879837,91.19091034,91.51101685,91.99861145,92.23368073,92.534729,92.99816132,93.08016968,93.64112091,93.53572083,94.10471344,94.22251129,94.0710907,94.31846619,94.52037048
Uruguay,URY,"Literacy rate, adult female (% of females ages 15 and above)",SE.ADT.LITR.FE.ZS,94.30451965,,,,,,,,,,95.88153839,,,,,,,,,,,97.27095795,,,,,,,,,,98.08435822,98.2419281,98.46366119,98.53372192,98.49095154,98.61907959,98.66055298,98.63642883,98.80905151,98.86746216,98.85031891,98.96391296,99.00773621,99.03526306,
United States,USA,"Literacy rate, adult female (% of females ages 15 and above)",SE.ADT.LITR.FE.ZS,,,,,,,,,,,,,,,,,,,,,,,,,,,,,,,,,,,,,,,,,,,,,,
Uzbekistan,UZB,"Literacy rate, adult female (% of females ages 15 and above)",SE.ADT.LITR.FE.ZS,,,,,,,,,,,,,,,,,,,,,,,,,,98.13858032,,,,,,,,,,,,,99.9958725,99.9759903,99.97576904,99.97840881,,99.98587036,99.99994659,
St. Vincent and the Grenadines,VCT,"Literacy rate, adult female (% of females ages 15 and above)",SE.ADT.LITR.FE.ZS,,,,,,,,,,,,,,,,,,,,,,,,,,,,,,,,,,,,,,,,,,,,,,
"Venezuela, RB",VEN,"Literacy rate, adult female (% of females ages 15 and above)",SE.ADT.LITR.FE.ZS,,,,,,,83.00466156,,,,,,,,,89.00485229,,,,,,,,,,,92.71598053,,,,,,94.92964172,,95.35040283,,95.02887726,,,,96.56006622,97.21370697,,,,
British Virgin Islands,VGB,"Literacy rate, adult female (% of females ages 15 and above)",SE.ADT.LITR.FE.ZS,,,,,,,,,,,,,,,,,,,,,,,,,,,,,,,,,,,,,,,,,,,,,,
Virgin Islands (U.S.),VIR,"Literacy rate, adult female (% of females ages 15 and above)",SE.ADT.LITR.FE.ZS,,,,,,,,,,,,,,,,,,,,,,,,,,,,,,,,,,,,,,,,,,,,,,
Vietnam,VNM,"Literacy rate, adult female (% of females ages 15 and above)",SE.ADT.LITR.FE.ZS,,,,,78.14038849,,,,,,,,,,82.82939148,,,,,,,,,,86.92008209,86.61010742,,,,,,,,,91.37908936,,,,,,,,,,94.56565857,
Vanuatu,VUT,"Literacy rate, adult female (% of females ages 15 and above)",SE.ADT.LITR.FE.ZS,,,,,47.78258896,,,,,53.70000076,,,,,,,,,,65.59999847,,,,,,,,,,76.19999695,,,,,,,,,,83.19999695,,,,86.70609283,,
World,WLD,"Literacy rate, adult female (% of females ages 15 and above)",SE.ADT.LITR.FE.ZS,,58.42026138,58.61988068,59.1843605,59.72891998,60.09354019,60.81179047,61.376091,62.05170822,62.72145844,63.31182861,63.85536957,64.54350281,66.58944702,67.13362122,67.46974945,68.18643951,68.65705872,69.13553619,69.6680069,70.1975174,70.73267365,73.56365967,74.71395874,75.16027832,75.34387207,75.79277039,76.22312164,76.81378174,77.29447937,77.14740753,77.81728363,78.11154938,78.66420746,79.07054901,79.80432892,80.24646759,80.69907379,80.93791199,81.52600861,81.76899719,82.30731201,82.63961792,82.72289276,83.02391052,83.29759979
Samoa,WSM,"Literacy rate, adult female (% of females ages 15 and above)",SE.ADT.LITR.FE.ZS,,,,,,,,,,,,,,,,,97.42173767,,,,,,,,,,,,,,,,,,,,99.06952667,,,,,,,99.24504089,,
Kosovo,XKX,"Literacy rate, adult female (% of females ages 15 and above)",SE.ADT.LITR.FE.ZS,,,,,,,,,,,,,,,,,,,,,,,,,,,,,,,,,,,,,,,,,,,,,,
"Yemen, Rep.",YEM,"Literacy rate, adult female (% of females ages 15 and above)",SE.ADT.LITR.FE.ZS,,,,,,,,,,,,,,,,,,,,17.05956078,,,,,,,,,,35,,,,,,,,,,,,,,,,
South Africa,ZAF,"Literacy rate, adult female (% of females ages 15 and above)",SE.ADT.LITR.FE.ZS,,,,,,74.80718994,,,,,,,,,,,,,,,,80.92862701,,,,,,,,,,,87.04309845,,91.76815796,91.71398926,92.04788971,92.58625031,,93.07305908,93.40802765,,86.45863342,,94.53317261,
Zambia,ZMB,"Literacy rate, adult female (% of females ages 15 and above)",SE.ADT.LITR.FE.ZS,,,,,,,,,,,,,,,,57.35776138,,,,,,,,,59.80284882,,,61.83927917,,,,,51.78696823,,,77.74664307,,,,,,,,83.08344269,,
Zimbabwe,ZWE,"Literacy rate, adult female (% of females ages 15 and above)",SE.ADT.LITR.FE.ZS,,,,,,,,71.85392761,,,,,,,,,,78.51702118,,,,,,,,,,,,,,,,,,,80.06565857,,,88.28382874,,,,,,
